id,Name
3,Priya Sharma
4,Rajesh Kumar
5,Anjali Awasthi
6,Amit Singh
7,Sneha Gupta
8,Vikram Reddy
9,Pooja Verma
10,Arjun Mehta
11,Kavita Joshi
12,Rahul Desai
13,Deepika Nair
14,Sanjay Rao
15,Neha Agarwal
16,Aditya Iyer
17,Ritu Kapoor
18,Manish Pandey
19,Shreya Pillai
20,Karan Malhotra
21,Divya Menon
22,Rohit Chopra
23,Anita Bhat
24,Suresh Kulkarni
25,Meera Saxena
26,Nikhil Shah
27,Swati Bansal
28,Varun Choudhary
29,Shweta Mishra
30,Akash Jain
31,Lakshmi Krishnan
32,Vishal Thakur
33,Geeta Srinivasan
34,Ashok Tiwari
35,Rani Mukherjee
36,Gaurav Bhatt
37,Sunita Yadav
38,Prakash Naik
39,Madhuri Dixit
40,Ramesh Ghosh
41,Sonal Chatterjee
42,Naveen Das
43,Rekha Bose
44,Sandeep Dutta
45,Nisha Sen
46,Vivek Saha
47,Pallavi Goswami
48,Manoj Mohan
49,Sonali Roy
50,Abhishek Paul
51,Vandana Bhardwaj
52,Rajeev Kohli
53,Seema Ahuja
54,Harsh Arora
55,Anjana Dubey
56,Sunil Tripathi
57,Priyanka Sinha
58,Ravi Shankar
59,Kritika Misra
60,Yogesh Tomar
61,Shilpa Chawla
62,Mahesh Saxena
63,Archana Pandey
64,Pankaj Khanna
65,Nidhi Rajput
66,Anand Kumar
67,Bhavna Seth
68,Tarun Goel
69,Sapna Tandon
70,Dinesh Rana
71,Usha Chauhan
72,Sachin Bisht
73,Madhavi Rawat
74,Deepak Negi
75,Poonam Parmar
76,Hemant Patil
77,Shikha Pawar
78,Ajay Jadhav
79,Kiran Sawant
80,Arun Shinde
81,Maya Kamble
82,Vijay Gaikwad
83,Asha Kadam
84,Santosh More
85,Nirmala Bhosale
86,Mohan Salve
87,Sudha Wagh
88,Pramod Shelke
89,Rashmi Nimbalkar
90,Ganesh Mane
91,Veena Parab
92,Balaji Rane
93,Savita Joshi
94,Umesh Deshpande
95,Sushma Gadre
96,Satish Kulkarni
97,Lata Apte
98,Ramesh Pathak
99,Smita Bhagat
100,Ashish Deokar
